Rnd,Pick,Tm,Player,Pos,Age,To,AP1,PB,St,wAV,DrAV,G,Cmp,Att,Yds,TD,Int,Att,Yds,TD,Rec,Yds,TD,Int,Sk,College/Univ,,-9999
1,1,NWE,Jim Plunkett,QB,23,1986,0,0,10,85,38,157,1943,3701,25882,164,198,323,1337,14,0,0,0,,,Stanford,College Stats,PlunJi00
1,2,NOR,Archie Manning,QB,22,1984,0,2,11,76,70,151,2011,3642,23911,125,173,384,2197,18,1,-7,0,,,Mississippi,College Stats,MannAr00
1,3,HOU,Dan Pastorini,QB,22,1983,0,1,9,62,63,140,1556,3055,18515,103,161,216,685,8,0,0,0,,,Santa Clara,,PastDa00
1,4,BUF,J.D. Hill,WR,22,1977,0,1,5,36,34,73,0,0,0,0,0,3,14,0,185,2880,21,,,Arizona St.,College Stats,HillJ.00
1,5,PHI,Richard Harris,DE,23,1977,0,0,6,20,10,93,0,0,0,0,0,0,0,0,0,0,0,,22.0,Grambling St.,,HarrRi21
1,6,NYJ,John Riggins HOF,RB,22,1985,1,1,12,90,45,175,0,2,0,0,0,2916,11352,104,250,2090,12,,,Kansas,College Stats,RiggJo00
1,7,ATL,Joe Profit,RB,22,1973,0,0,0,5,2,23,0,0,0,0,0,133,471,3,14,130,0,,,La-Monroe,,ProfJo00
1,8,PIT,Frank Lewis,WR,24,1983,0,1,9,60,22,155,0,0,0,0,0,12,146,1,397,6724,40,,,Grambling St.,,LewiFr00
1,9,GNB,John Brockington,RB,22,1977,1,3,7,53,51,95,0,1,0,0,0,1347,5185,30,157,1297,4,,,Ohio St.,College Stats,BrocJo00
1,10,RAM,Isiah Robertson,LB,22,1982,2,6,11,103,81,168,0,0,0,0,0,0,0,0,0,0,0,25,24.5,Southern,,RobeIs00
1,11,CHI,Joe Moore,RB,22,1973,0,0,0,3,3,23,0,0,0,0,0,87,281,0,5,39,0,,,Missouri,College Stats,MoorJo00
1,12,DEN,Marv Montgomery,T,23,1978,0,0,3,29,20,81,0,0,0,0,0,0,0,0,0,0,0,,,USC,,MontMa20
1,13,SDG,Leon Burns,RB,28,1972,0,0,0,3,2,28,0,0,0,0,0,87,292,3,9,46,0,,,Long Beach St.,College Stats,BurnLe00
1,14,CLE,Clarence Scott,DB,22,1983,0,1,12,64,64,186,0,0,0,0,0,0,0,0,0,0,0,39,3.0,Kansas St.,,ScotCl00
1,15,CIN,Vern Holland,T,23,1980,0,0,8,53,52,131,0,0,0,0,0,0,0,0,0,0,0,,,Tennessee St.,,HollVe20
1,16,KAN,Elmo Wright,WR,22,1975,0,0,3,13,13,51,0,0,0,0,0,10,69,1,70,1116,6,,,Houston,College Stats,WrigEl00
1,17,STL,Norm Thompson,DB,26,1979,0,0,7,40,29,115,0,0,0,0,0,0,0,0,0,0,0,33,3.0,Utah,,ThomNo21
1,18,NYG,Rocky Thompson,RB,23,1973,0,0,0,4,4,29,0,0,0,0,0,68,217,1,16,85,0,,,West Texas A&M,,ThomRo03
1,19,OAK,Jack Tatum,DB,22,1980,0,3,9,62,60,136,0,0,0,0,0,0,0,0,0,0,0,37,,Ohio St.,College Stats,TatuJa00
1,20,RAM,Jack Youngblood HOF,DE,21,1984,5,7,13,112,112,202,0,0,0,0,0,0,0,0,0,0,0,,151.5,Florida,,YounJa00
1,21,DET,Bob Bell,DT,23,1978,0,0,4,29,12,100,0,0,0,0,0,0,0,0,0,0,0,,28.0,Cincinnati,,BellBo20
1,22,BAL,Don McCauley,RB,22,1981,0,0,2,45,45,156,1,2,11,1,0,770,2627,40,333,3026,17,,,North Carolina,College Stats,McCaDo00
1,23,SFO,William Anderson,DB,22,1976,0,0,0,3,2,15,0,0,0,0,0,0,0,0,0,0,0,,,Ohio St.,,AndeWi21
1,24,MIN,Leo Hayden,RB,23,1973,0,0,0,0,0,13,0,0,0,0,0,8,11,1,1,17,0,,,Ohio St.,College Stats,HaydLe00
1,25,DAL,Tody Smith,DE,22,1976,0,0,4,27,5,69,0,0,0,0,0,0,0,0,0,0,0,1,26.0,USC,,SmitTo20
1,26,BAL,Lenny Dunlap,DB,22,1975,0,0,2,14,2,46,0,0,0,0,0,0,0,0,0,0,0,5,,North Texas,,DunlLe20
2,27,NWE,Julius Adams,DE,23,1987,0,1,12,60,60,206,0,0,0,0,0,0,0,0,0,0,0,,80.5,Texas Southern,,AdamJu00
2,28,CHI,Jim Harrison,RB,22,1974,0,0,2,11,11,38,0,0,0,0,0,308,1099,4,36,286,3,,,Missouri,College Stats,HarrJi00
2,29,BUF,Jan White,TE,22,1972,0,0,2,3,3,27,0,0,0,0,0,0,0,0,25,278,2,,,Ohio St.,College Stats,WhitJa01
2,30,DET,Dave Thompson,T,22,1975,0,0,2,17,11,56,0,0,0,0,0,0,0,0,0,0,0,,,Clemson,,ThomDa23
2,31,NOR,Sam Holden,T,24,1971,0,0,0,3,3,9,0,0,0,0,0,0,0,0,0,0,0,,,Grambling St.,,HoldSa20
2,32,NYJ,John Mooring,T,24,1974,0,0,0,12,11,53,0,0,0,0,0,0,0,0,0,0,0,,,Tampa,,MoorJo20
2,33,ATL,Ken Burrow,WR,23,1975,0,0,5,27,27,64,0,0,0,0,0,6,25,0,152,2668,21,,,San Diego St.,College Stats,BurrKe01
2,34,PIT,Jack Ham HOF,LB,22,1982,6,8,12,113,113,162,0,0,0,0,0,0,0,0,0,0,0,32,25.5,Penn St.,College Stats,HamxJa00
2,35,DEN,Dwight Harrison,DB,22,1980,0,0,5,34,5,108,0,0,0,0,0,6,45,0,20,281,2,19,,Texas A&M-Kingsville,,HarrDw20
2,36,CHI,Charlie Ford,DB,22,1975,0,0,3,27,21,60,0,0,0,0,0,0,0,0,0,0,0,15,,Houston,,FordCh20
2,37,SFO,Ernie Janet,G,22,1975,0,0,1,7,,31,0,0,0,0,0,0,0,0,0,0,0,,,Washington,College Stats,JaneEr20
2,38,WAS,Cotton Speyrer,WR,22,1975,0,0,1,7,,36,1,1,54,1,0,1,1,0,34,535,5,,,Texas,College Stats,SpeyCo00
2,39,KAN,Wilbur Young,DE,22,1982,0,0,7,44,28,153,0,0,0,0,0,0,0,0,0,0,0,2,59.5,William Penn,,YounWi20
2,40,CLE,Bo Cornell,LB,22,1977,0,0,2,21,8,96,0,0,0,0,0,22,33,0,3,25,0,,4.0,Washington,College Stats,CornBo20
2,41,CIN,Steve Lawson,G,22,1977,0,0,2,24,2,64,0,0,0,0,0,0,0,0,0,0,0,,,Kansas,,LawsSt20
2,42,KAN,Scott Lewis,DE,,,0,0,0,,,,,,,,,,,,,,,,,Grambling St.,,-9999
2,43,STL,Dan Dierdorf HOF,T,22,1983,3,6,10,82,82,160,0,0,0,0,0,0,0,0,0,0,0,,,Michigan,College Stats,DierDa00
2,44,NYG,Wayne Walton,T,22,1974,0,0,0,6,2,37,0,0,0,0,0,0,0,0,0,0,0,,,Abilene Christian,,WaltWa20
2,45,OAK,Phil Villapiano,LB,22,1983,0,4,8,66,64,163,0,0,0,0,0,0,0,0,0,0,0,11,15.0,Bowling Green,College Stats,VillPh00
2,46,GNB,Virgil Robinson,RB,23,1972,0,0,0,2,,14,0,0,0,0,0,34,97,1,12,53,1,,,Grambling St.,,RobiVi00
2,47,MIA,Otto Stowe,WR,22,1974,0,0,1,12,6,36,0,0,0,0,0,4,29,0,43,742,10,,,Iowa St.,College Stats,StowOt00
2,48,DET,Charlie Weaver,LB,22,1981,0,0,8,53,53,147,0,0,0,0,0,0,0,0,0,0,0,15,24.0,USC,College Stats,WeavCh20
2,49,SFO,Joe Orduna,RB,22,1974,0,0,0,2,,39,0,0,0,0,0,74,236,3,11,58,1,,,Nebraska,College Stats,OrduJo00
2,50,PHI,Henry Allison,G,24,1977,0,0,1,16,5,55,0,0,0,0,0,0,0,0,0,0,0,,,San Diego St.,,AlliHe20
2,51,DAL,Ike Thomas,DB,23,1975,0,0,0,9,3,37,0,0,0,0,0,0,0,0,0,0,0,2,,Bishop,,ThomIk20
2,52,BAL,Bill Atessis,DE,22,1971,0,0,0,2,,5,0,0,0,0,0,0,0,0,0,0,0,,,Texas,College Stats,AtesBi20
3,53,BUF,Bruce Jarvis,C,22,1974,0,0,2,9,9,24,0,0,0,0,0,0,0,0,0,0,0,,,Washington,,JarvBr20
3,54,NOR,Bivian Lee,DB,23,1975,0,0,1,17,17,65,0,0,0,0,0,0,0,0,0,0,0,9,,Prairie View A&M,,LeexBi22
3,55,SFO,Sam Dickerson,WR,,,0,0,0,,,,,,,,,,,,,,,,,USC,College Stats,-9999
3,56,HOU,Lynn Dickey,QB,21,1985,0,0,8,67,4,152,1747,3125,23322,141,179,140,121,9,0,0,0,,,Kansas St.,College Stats,DickLy00
3,57,BUF,Jim Braxton,RB,22,1978,0,0,4,37,36,90,1,3,49,0,0,741,2890,25,144,1473,6,,,West Virginia,College Stats,BraxJi00
3,58,NYJ,Chris Farasopoulos,DB,22,1974,0,0,2,12,12,42,0,0,0,0,0,0,0,0,0,0,0,4,0.5,BYU,,FaraCh20
3,59,ATL,Leo Hart,QB,22,1972,0,0,0,0,0,3,6,16,53,0,3,5,19,0,0,0,0,,,Duke,College Stats,HartLe00
3,60,PIT,Steve Davis,RB,22,1976,0,0,1,13,8,65,0,0,0,0,0,322,1305,9,33,301,2,,,Delaware St.,,DaviSt01
3,61,STL,Jim Livesay,WR,,,0,0,0,,,,,,,,,,,,,,,,,Richmond,College Stats,-9999
3,62,GNB,Charlie Hall,DB,23,1976,0,0,0,13,13,83,0,0,0,0,0,0,0,0,1,18,0,2,,Pittsburgh,,HallCh21
3,63,RAM,Dave Elmendorf,DB,22,1979,0,0,9,58,58,130,0,0,0,0,0,0,0,0,0,0,0,27,5.0,Texas A&M,College Stats,ElmeDa20
3,64,CHI,Tony McGee,DE,22,1984,0,0,5,38,14,202,0,0,0,0,0,0,0,0,0,0,0,,103.0,Bishop,,McGeTo20
3,65,SDG,Mike Montgomery,RB,22,1974,0,0,0,11,6,37,4,10,111,1,0,96,297,2,59,835,7,,,Kansas St.,College Stats,MontMi00
3,66,CLE,Paul Staroba,WR,22,1973,0,0,0,0,0,10,0,0,0,0,0,1,11,0,2,42,1,,,Michigan,College Stats,StarPa00
3,67,CIN,Ken Anderson,QB,22,1986,1,4,13,120,120,192,2654,4475,32838,197,160,397,2220,20,0,0,0,,,Augustana (IL),,AndeKe00
3,68,CLE,Charlie Hall,LB,22,1980,0,0,9,48,48,146,0,0,0,0,0,0,0,0,0,0,0,13,6.5,Houston,,HallCh20
3,69,DAL,Sam Scarber,RB,22,1976,0,0,0,4,,25,0,0,0,0,0,76,304,2,26,164,2,,,New Mexico,College Stats,ScarSa00
3,70,NYG,Ron Hornsby,LB,22,1974,0,0,2,13,13,49,0,0,0,0,0,0,0,0,0,0,0,1,2.0,Southeastern Louisiana,,HornRo21
3,71,CHI,Bob Newton,G,22,1981,0,0,7,45,13,142,0,0,0,0,0,0,0,0,0,0,0,,,Nebraska,College Stats,NewtBo20
3,72,DET,Al Clark,DB,23,1976,0,0,2,20,3,69,0,0,0,0,0,0,0,0,0,0,0,3,,Eastern Michigan,,ClarAl20
3,73,OAK,Warren Koegel,C,21,1974,0,0,0,4,1,6,0,0,0,0,0,0,0,0,0,0,0,,,Penn St.,,KoegWa20
3,74,MIA,Dale Farley,LB,21,1973,0,0,0,5,3,13,0,0,0,0,0,0,0,0,0,0,0,1,,West Virginia,,FarlDa20
3,75,SFO,Willie Parker,C,22,1980,0,0,3,25,,94,0,0,0,0,0,0,0,0,0,0,0,,,North Texas,,ParkWi20
3,76,MIN,Eddie Hackett,WR,,,0,0,0,,,,,,,,,,,,,,,,,Alcorn St.,,-9999
3,77,DAL,Bill Gregory,DE,21,1980,0,0,3,32,16,142,0,0,0,0,0,0,0,0,0,0,0,2,41.5,Wisconsin,,GregBi20
3,78,BAL,Karl Douglas,QB,,,0,0,0,,,,,,,,,,,,,,,,,Texas A&M-Kingsville,,-9999
4,79,DEN,Lyle Alzado,DE,22,1985,2,2,14,85,50,196,0,0,0,0,0,0,0,0,0,0,0,,112.0,Yankton,,AlzaLy00
4,80,DAL,Joe Carter,TE,,,0,0,0,,,,,,,,,,,,,,,,,Grambling St.,,-9999
4,81,HOU,Larron Jackson,G,22,1976,0,0,6,30,,83,0,0,0,0,0,0,0,0,1,-2,0,,,Missouri,,JackLa21
4,82,NOR,Carlos Bell,TE,23,1971,0,0,0,0,0,1,0,0,0,0,0,0,0,0,0,0,0,,,Houston,College Stats,BellCa20
4,83,PHI,Happy Feller,K,22,1973,0,0,0,-3,-2,21,0,0,0,0,0,0,0,0,0,0,0,,,Texas,,FellHa20
4,84,NYJ,Willie Zapalac,LB,23,1973,0,0,0,8,8,33,0,0,0,0,0,0,0,0,0,0,0,,1.0,Texas,,ZapaWi20
4,85,ATL,Mike Potchad,T,,,0,0,0,,,,,,,,,,,,,,,,,Pittsburg St.,,-9999
4,86,PIT,Gerry Mullins,G,22,1979,0,0,5,45,45,124,0,0,0,0,0,0,0,0,2,10,2,,,USC,College Stats,MullGe21
4,87,DEN,Cleo Johnson,DB,,,0,0,0,,,,,,,,,,,,,,,,,Alcorn St.,,-9999
4,88,NOR,Richard Winther,C,23,1972,0,0,0,5,2,16,0,0,0,0,0,0,0,0,0,0,0,,,Mississippi,,WintRi20
4,89,CHI,Jerry Moore,DB,22,1974,0,0,2,15,12,43,0,0,0,0,0,0,0,0,0,0,0,2,,Arkansas,,MoorJe21
4,90,RAM,Steve Worster,RB,,,0,0,0,,,,,,,,,,,,,,,,,Texas,College Stats,-9999
4,91,NOR,Dee Martin,DB,22,1971,0,0,1,6,6,14,0,0,0,0,0,0,0,0,0,0,0,3,,Kentucky St.,,MartDe20
4,92,CLE,Bubba Pena,G,22,1972,0,0,0,2,2,7,0,0,0,0,0,0,0,0,0,0,0,,,Massachusetts,,PenaBu20
4,93,CIN,Fred Willis,RB,23,1976,0,0,3,32,10,77,2,7,24,0,1,780,2831,18,203,1380,5,,,Boston Col.,College Stats,WillFr00
4,94,KAN,David Robinson,TE,,,0,0,0,,,,,,,,,,,,,,,,,Jacksonville St.,,-9999
4,95,STL,Larry Willingham,DB,22,1972,0,0,0,5,5,20,0,0,0,0,0,0,0,0,0,0,0,,0.5,Auburn,College Stats,WillLa22
4,96,NYG,Dave Tipton,DE,22,1976,0,0,1,12,5,62,0,0,0,0,0,0,0,0,0,0,0,,6.0,Stanford,,TiptDa20
4,97,OAK,Clarence Davis,RB,22,1978,0,0,4,43,43,89,0,0,0,0,0,804,3640,26,99,865,2,,,USC,College Stats,DaviCl00
4,98,NOR,Don Morrison,T,21,1979,0,0,7,34,31,123,0,0,0,0,0,0,0,0,0,0,0,,,Texas-Arlington,,MorrDo22
4,99,MIA,Joe Theismann,QB,21,1985,1,2,8,89,,167,2044,3602,25206,160,138,355,1815,17,0,0,0,,,Notre Dame,College Stats,TheiJo00
4,100,DET,Larry Woods,DT,23,1976,0,0,1,11,5,47,0,0,0,0,0,0,0,0,0,0,0,,5.0,Tennessee St.,,WoodLa20
4,101,SFO,Tony Harris,DB,22,1971,0,0,0,2,2,4,0,0,0,0,0,0,0,0,0,0,0,,,Toledo,College Stats,HarrTo20
4,102,MIN,Vince Clements,RB,22,1973,0,0,0,7,,16,0,0,0,0,0,103,435,1,24,247,1,,,Connecticut,,ClemVi00
4,103,DAL,Adam Mitchell,T,,,0,0,0,,,,,,,,,,,,,,,,,Mississippi,,-9999
4,104,PIT,Dwight White,DE,22,1980,0,2,8,63,63,126,0,0,0,0,0,0,0,0,0,0,0,4,55.0,Texas A&M-Commerce,,WhitDw00
5,105,NWE,Tim Kelly,LB,,,0,0,0,,,,,,,,,,,,,,,,,Notre Dame,,-9999
5,106,PIT,Larry Brown,T,22,1984,0,1,9,52,52,167,0,0,0,0,0,0,0,0,48,636,5,,,Kansas,College Stats,BrowLa00
5,107,BUF,Donnie Green,T,23,1978,0,0,6,31,28,92,0,0,0,0,0,0,0,0,1,0,0,,,Purdue,,GreeDo20
5,108,PHI,Tom Shellabarger,T,,,0,0,0,,,,,,,,,,,,,,,,,San Diego St.,,-9999
5,109,HOU,Willie Armstrong,RB,,,0,0,0,,,,,,,,,,,,,,,,,Grambling St.,,-9999
5,110,CIN,Art May,DE,22,1971,0,0,0,3,,11,0,0,0,0,0,0,0,0,0,0,0,,2.5,Tuskegee,,MayxAr20
5,111,ATL,Ray Jarvis,WR,22,1979,0,0,3,18,0,82,0,0,0,0,0,2,13,0,104,1832,11,,,Norfolk St.,,JarvRa00
5,112,PIT,Mel Holmes,G,21,1973,0,0,0,4,4,29,0,0,0,0,0,0,0,0,0,0,0,,,North Carolina A&T,,HolmMe20
5,113,BUF,Tim Beamer,DB,23,1971,0,0,0,1,1,12,0,0,0,0,0,0,0,0,0,0,0,,,Illinois,,BeamTi20
5,114,SFO,Dean Shaternick,T,,,0,0,0,,,,,,,,,,,,,,,,,Kansas St.,,-9999
5,115,SDG,Bryant Salter,DB,21,1976,0,0,3,23,13,71,0,0,0,0,0,0,0,0,0,0,0,17,,Pittsburgh,,SaltBr20
5,116,GNB,Donnell Smith,DE,22,1974,0,0,0,8,2,25,0,0,0,0,0,0,0,0,0,0,0,,4.0,Southern,,SmitDo24
5,117,SDG,Ray White,LB,22,1976,0,0,0,7,3,38,0,0,0,0,0,0,0,0,0,0,0,2,1.5,Syracuse,College Stats,WhitRa21
5,118,CLE,Stan Brown,WR,22,1971,0,0,0,0,0,6,0,0,0,0,0,0,0,0,0,0,0,,,Purdue,College Stats,BrowSt20
5,119,SDG,Phil Asack,DE,,,0,0,0,,,,,,,,,,,,,,,,,Duke,,-9999
5,120,KAN,Mike Adamle,RB,21,1976,0,0,0,11,3,76,2,2,57,0,0,308,1149,4,53,368,2,,,Northwestern,College Stats,AdamMi01
5,121,STL,Rocky Wallace,LB,,,0,0,0,,,,,,,,,,,,,,,,,Missouri,,-9999
5,122,SFO,George Wells,LB,,,0,0,0,,,,,,,,,,,,,,,,,New Mexico St.,,-9999
5,123,OAK,Bob Moore,TE,22,1978,0,0,4,14,12,93,0,0,0,0,0,2,23,0,114,1262,7,,,Stanford,College Stats,MoorBo01
5,124,GNB,Jim Stillwagon,LB,,,0,0,0,,,,,,,,,,,,,,,,,Ohio St.,College Stats,-9999
5,125,DET,Pete Newell,G,,,0,0,0,,,,,,,,,,,,,,,,,Michigan,,-9999
5,126,PIT,Ralph Anderson,DB,22,1973,0,0,2,14,8,34,0,0,0,0,0,0,0,0,0,0,0,6,1.0,West Texas A&M,,AndeRa20
5,127,SFO,Marty Huff,LB,22,1972,0,0,0,2,2,3,0,0,0,0,0,0,0,0,0,0,0,,,Michigan,,HuffMa20
5,128,PIT,Fred Brister,LB,,,0,0,0,,,,,,,,,,,,,,,,,Mississippi,,-9999
5,129,DAL,Ron Kadziel,LB,22,1972,0,0,0,1,,14,0,0,0,0,0,0,0,0,0,0,0,,,Stanford,College Stats,KadzRo20
5,130,BAL,John Andrews,TE,22,1974,0,0,0,0,0,23,0,0,0,0,0,5,6,0,1,1,1,,,Indiana,College Stats,AndrJo00
6,131,NWE,David Hardt,TE,,,0,0,0,,,,,,,,,,,,,,,,,Kentucky,,-9999
6,132,NOR,Don Moorhead,RB,,,0,0,0,,,,,,,,,,,,,,,,,Michigan,College Stats,-9999
6,133,PHI,Jack Smith,DB,23,1971,0,0,0,2,2,5,0,0,0,0,0,0,0,0,0,0,0,,,Troy,,SmitJa21
6,134,HOU,Willie Alexander,DB,21,1979,0,0,8,36,36,122,0,0,0,0,0,0,0,0,0,0,0,23,1.0,Alcorn St.,,AlexWi20
6,135,CHI,Earl Thomas,WR,22,1976,0,0,4,22,10,71,0,1,0,0,1,6,18,0,106,1651,14,,,Houston,College Stats,ThomEa00
6,136,NYJ,Phil Wise,DB,22,1979,0,0,3,24,15,92,0,0,0,0,0,0,0,0,0,0,0,6,4.0,Nebraska-Omaha,,WisePh20
6,137,ATL,Tom Hayes,DB,25,1976,0,0,5,31,27,78,0,0,0,0,0,0,0,0,0,0,0,19,,San Diego St.,,HayeTo20
6,138,PIT,Craig Hanneman,DE,22,1975,0,0,0,14,10,47,0,0,0,0,0,0,0,0,0,0,0,,5.0,Oregon St.,,HannCr20
6,139,DEN,Harold Phillips,DB,,,0,0,0,,,,,,,,,,,,,,,,,Michigan St.,,-9999
6,140,GNB,Scott Hunter,QB,23,1979,0,0,4,20,14,64,335,748,4756,23,38,95,204,13,0,0,0,,,Alabama,College Stats,HuntSc00
6,141,WAS,Conway Hayman,G,22,1980,0,0,3,22,,77,0,0,0,0,0,0,0,0,0,0,0,,,Delaware,,HaymCo20
6,142,CLE,Doug Dieken,T,22,1984,0,1,13,69,69,203,0,0,0,0,0,0,0,0,1,14,1,,,Illinois,College Stats,DiekDo00
6,143,SDG,Jacob Mayes,RB,,,0,0,0,,,,,,,,,,,,,,,,,Tennessee St.,,-9999
6,144,CLE,Jay Dixon,DE,,,0,0,0,,,,,,,,,,,,,,,,,Boston Univ.,,-9999
6,145,BUF,Bill McKinley,DE,22,1971,0,0,0,2,2,7,0,0,0,0,0,0,0,0,0,0,0,,,Arizona,,McKiBi20
6,146,KAN,Kerry Reardon,DB,22,1976,0,0,2,17,17,58,0,0,0,0,0,0,0,0,0,0,0,14,,Iowa,College Stats,RearKe20
6,147,STL,Mel Gray,WR,22,1982,1,4,8,61,61,145,0,0,0,0,0,15,154,1,351,6644,45,,,Missouri,College Stats,GrayMe01
6,148,ATL,Ray Brown,DB,22,1980,0,0,10,52,41,137,0,0,0,0,0,0,0,0,0,0,0,38,2.5,West Texas A&M,,BrowRa22
6,149,OAK,Greg Slough,LB,23,1972,0,0,0,6,6,22,0,0,0,0,0,0,0,0,0,0,0,,,USC,,SlouGr20
6,150,DET,Frank Harris,QB,,,0,0,0,,,,,,,,,,,,,,,,,Boston Col.,College Stats,-9999
6,151,MIA,Dennis Coleman,LB,22,1971,0,0,0,3,,9,0,0,0,0,0,0,0,0,0,0,0,,,Mississippi,,ColeDe20
6,152,DET,Herman Franklin,WR,,,0,0,0,,,,,,,,,,,,,,,,,USC,,-9999
6,153,SFO,Al Bresler,WR,,,0,0,0,,,,,,,,,,,,,,,,,Auburn,College Stats,-9999
6,154,PHI,Wyck Neely,DB,,,0,0,0,,,,,,,,,,,,,,,,,Mississippi,,-9999
6,155,DAL,Steve Maier,WR,,,0,0,0,,,,,,,,,,,,,,,,,Northern Arizona,,-9999
6,156,BAL,Ken Frith,DT,,,0,0,0,,,,,,,,,,,,,,,,,La-Monroe,,-9999
7,157,OAK,Don Martin,DB,21,1976,0,0,0,4,,29,0,0,0,0,0,0,0,0,0,0,0,,,Yale,,MartDo20
7,158,NOR,Larry DiNardo,G,,,0,0,0,,,,,,,,,,,,,,,,,Notre Dame,College Stats,-9999
7,159,HOU,Phil Croyle,LB,21,1973,0,0,1,8,6,31,0,0,0,0,0,0,0,0,0,0,0,,,California,,CroyPh20
7,160,BUF,Bob Chandler,WR,22,1982,0,0,7,50,41,145,0,1,0,0,0,11,18,0,370,5243,48,,,USC,College Stats,ChanBo00
7,161,PHI,Harold Carmichael HOF,WR,21,1984,0,4,11,79,79,182,1,4,45,1,0,9,64,0,590,8985,79,,,Southern,,CarmHa00
7,162,NYJ,Scott Palmer,DT,22,1972,0,0,0,3,1,7,0,0,0,0,0,0,0,0,0,0,0,,,Texas,,PalmSc20
7,163,ATL,Wes Chesson,WR,22,1974,0,0,2,7,7,43,0,0,0,0,0,1,-4,0,40,598,2,,,Duke,College Stats,ChesWe00
7,164,PIT,Worthy McClure,T,,,0,0,0,,,,,,,,,,,,,,,,,Mississippi,,-9999
7,165,DEN,Doug Adams,LB,21,1974,0,0,1,12,,49,0,0,0,0,0,0,0,0,0,0,0,3,0.5,Ohio St.,,AdamDo20
7,166,WAS,Willie Germany,DB,23,1976,0,0,1,14,,42,0,0,0,0,0,0,0,0,0,0,0,2,,Morgan St.,,GermWi20
7,167,CHI,Buddy Lee,QB,,,0,0,0,,,,,,,,,,,,,,,,,LSU,College Stats,-9999
7,168,GNB,Dave Davis,WR,23,1974,0,0,0,3,3,33,0,0,0,0,0,2,0,0,11,192,1,,,Tennessee St.,,DaviDa00
7,169,SDG,Chuck Dicus,WR,22,1972,0,0,1,4,4,24,0,0,0,0,0,2,-13,0,24,316,3,,,Arkansas,College Stats,DicuCh00
7,170,CLE,Bob Jacobs,K,,,0,0,0,,,,,,,,,,,,,,,,,Wyoming,,-9999
7,171,CIN,Neal Craig,DB,23,1976,0,0,5,33,20,79,0,0,0,0,0,0,0,0,1,1,0,8,2.5,Fisk,,CraiNe20
7,172,NOR,Bob Newland,WR,22,1974,0,0,3,18,18,56,0,0,0,0,0,1,6,0,124,1877,8,,,Oregon,College Stats,NewlBo00
7,173,STL,James Cooch,DB,,,0,0,0,,,,,,,,,,,,,,,,,Colorado,,-9999
7,174,HOU,Larry Watson,T,,,0,0,0,,,,,,,,,,,,,,,,,Morgan St.,,-9999
7,175,GNB,James Johnson,WR,,,0,0,0,,,,,,,,,,,,,,,,,Bishop,,-9999
7,176,CHI,Dennis Ferris,RB,,,0,0,0,,,,,,,,,,,,,,,,,Pittsburgh,College Stats,-9999
7,177,DET,Brownie Wheless,T,,,0,0,0,,,,,,,,,,,,,,,,,Rice,,-9999
7,178,MIA,Ron Dickerson,DB,,,0,0,0,,,,,,,,,,,,,,,,,Kansas St.,,-9999
7,179,SFO,John Watson,G,22,1979,0,0,3,29,25,95,0,0,0,0,0,0,0,0,0,0,0,,,Oklahoma,,WatsJo21
7,180,MIN,Gene Mack,LB,,,0,0,0,,,,,,,,,,,,,,,,,Texas-El Paso,,-9999
7,181,DAL,Bill Griffin,T,,,0,0,0,,,,,,,,,,,,,,,,,Catawba,,-9999
7,182,BAL,Gordon Bowdell,WR,22,1971,0,0,0,0,,2,0,0,0,0,0,0,0,0,1,19,0,,,Michigan St.,College Stats,BowdGo00
8,183,BUF,Louis Ross,DE,24,1975,0,0,0,3,3,20,0,0,0,0,0,0,0,0,0,0,0,,,South Carolina St.,,RossLo20
8,184,PIT,Larry Crowe,RB,21,1975,0,0,0,0,,6,0,0,0,0,0,1,2,0,0,0,0,,,Texas Southern,,CrowLa00
8,185,BUF,Tyrone Walls,RB,,,0,0,0,,,,,,,,,,,,,,,,,Missouri,College Stats,-9999
8,186,PHI,Len Gotshalk,T,21,1976,0,0,3,18,,66,0,0,0,0,0,0,0,0,0,0,0,,,Humboldt St.,,GotsLe20
8,187,DEN,Tom Beard,C,23,1972,0,0,0,1,,12,0,0,0,0,0,0,0,0,0,0,0,,,Michigan St.,,BearTo20
8,188,NYJ,Roy Kirksey,G,23,1974,0,0,0,11,6,34,0,0,0,0,0,0,0,0,0,0,0,,,MD-Eastern Shore,,KirkRo20
8,189,ATL,Dennis Havig,G,22,1977,0,0,4,26,22,76,0,0,0,0,0,0,0,0,0,0,0,,,Colorado,,HaviDe20
8,190,PIT,Paul Rogers,K,,,0,0,0,,,,,,,,,,,,,,,,,Nebraska,,-9999
8,191,KAN,Mike Sensibaugh,DB,22,1978,0,0,6,39,30,92,0,0,0,0,0,0,0,0,0,0,0,27,1.0,Ohio St.,College Stats,SensMi20
8,192,CHI,Karl Weiss,T,,,0,0,0,,,,,,,,,,,,,,,,,Vanderbilt,College Stats,-9999
8,193,GNB,Win Headley,C,,,0,0,0,,,,,,,,,,,,,,,,,Wake Forest,,-9999
8,194,NOR,Jimmy Elder,DB,,,0,0,0,,,,,,,,,,,,,,,,,Southern,,-9999
8,195,SDG,Leon Van Gorkum,DE,,,0,0,0,,,,,,,,,,,,,,,,,San Diego St.,,-9999
8,196,CLE,Larry Zelina,RB,,,0,0,0,,,,,,,,,,,,,,,,,Ohio St.,College Stats,-9999
8,197,CIN,Fred Herring,DB,,,0,0,0,,,,,,,,,,,,,,,,,Tennessee St.,,-9999
8,198,KAN,Rick Telander,DB,,,0,0,0,,,,,,,,,,,,,,,,,Northwestern,,-9999
8,199,STL,Ron Yankowski,DE,24,1980,0,0,6,36,36,128,0,0,0,0,0,0,0,0,0,0,0,,30.0,Kansas St.,,YankRo20
8,200,NYG,Ted Gregory,DE,,,0,0,0,,,,,,,,,,,,,,,,,Delaware,,-9999
8,201,NOR,Bob Gresham,RB,23,1976,0,0,2,18,11,75,1,2,29,0,0,410,1360,12,90,728,1,,,West Virginia,College Stats,GresBo00
8,202,RAM,Tony Garay,DE,,,0,0,0,,,,,,,,,,,,,,,,,Hofstra,,-9999
8,203,PIT,Ernie Holmes,DT,23,1978,0,0,4,38,37,84,0,0,0,0,0,0,0,0,0,0,0,,39.5,Texas Southern,,HolmEr20
8,204,DET,Ken Lee,LB,23,1972,0,0,1,4,0,13,0,0,0,0,0,0,0,0,0,0,0,6,1.0,Washington,College Stats,LeexKe21
8,205,SFO,Jim McCann,P,22,1975,0,0,0,1,3,31,0,0,0,0,0,2,-15,0,0,0,0,,,Arizona St.,,McCaJi21
8,206,DAL,Ron Jessie,WR,23,1981,0,1,6,47,,138,0,1,0,0,0,19,91,2,265,4278,26,,,Kansas,College Stats,JessRo00
8,207,BAL,Willie Bogan,DB,,,0,0,0,,,,,,,,,,,,,,,,,Dartmouth,,-9999
8,208,MIN,John Fairley,DE,,,0,0,0,,,,,,,,,,,,,,,,,Johnson C. Smith,,-9999
9,209,NWE,Josh Ashton,RB,22,1975,0,0,2,10,10,40,0,0,0,0,0,257,994,3,33,320,1,,,Tulsa,College Stats,AshtJo00
9,210,NOR,Tom Williams,DB,,,0,0,0,,,,,,,,,,,,,,,,,Willamette,,-9999
9,211,PHI,Len Pettigrew,LB,,,0,0,0,,,,,,,,,,,,,,,,,Ashland,,-9999
9,212,HOU,Floyd Rice,LB,22,1978,0,0,5,29,8,104,0,0,0,0,0,0,0,0,0,0,0,7,9.5,Alcorn St.,,RiceFl20
9,213,BUF,Bob Strickland,LB,,,0,0,0,,,,,,,,,,,,,,,,,Auburn,,-9999
9,214,NYJ,John Curtis,TE,,,0,0,0,,,,,,,,,,,,,,,,,Springfield,,-9999
9,215,ATL,Alvin Griffin,WR,,,0,0,0,,,,,,,,,,,,,,,,,Tuskegee,,-9999
9,216,PIT,Mike Anderson,LB,,,0,0,0,,,,,,,,,,,,,,,,,LSU,College Stats,-9999
9,217,DEN,John Handy,LB,,,0,0,0,,,,,,,,,,,,,,,,,Purdue,,-9999
9,218,GNB,Barry Mayer,RB,,,0,0,0,,,,,,,,,,,,,,,,,Minnesota,College Stats,-9999
9,219,WAS,Mike Fanucci,DE,21,1974,0,0,0,10,4,40,0,0,0,0,0,0,0,0,0,0,0,,,Arizona St.,,FanuMi20
9,220,CHI,Lester McClain,WR,,,0,0,0,,,,,,,,,,,,,,,,,Tennessee,College Stats,-9999
9,221,SDG,John Tanner,LB,26,1974,0,0,0,7,2,40,0,0,0,0,0,0,0,0,3,29,1,,0.5,Tennessee Tech,,TannJo21
9,222,CLE,Wilmur Levels,DB,,,0,0,0,,,,,,,,,,,,,,,,,North Texas,,-9999
9,223,CIN,Gary Gustafson,LB,,,0,0,0,,,,,,,,,,,,,,,,,Montana St.,,-9999
9,224,KAN,Alvin Hawes,T,,,0,0,0,,,,,,,,,,,,,,,,,Minnesota,,-9999
9,225,STL,Mike Savoy,WR,,,0,0,0,,,,,,,,,,,,,,,,,Black Hills St.,,-9999
9,226,NYG,Ed Thomas,LB,,,0,0,0,,,,,,,,,,,,,,,,,Lebanon Valley,,-9999
9,227,OAK,Dave Garnett,RB,,,0,0,0,,,,,,,,,,,,,,,,,Pittsburgh,College Stats,-9999
9,228,RAM,Joe Schmidt,WR,,,0,0,0,,,,,,,,,,,,,,,,,Miami (FL),College Stats,-9999
9,229,DET,Mickey Zofko,RB,22,1974,0,0,0,2,2,44,1,1,35,0,0,21,67,0,7,45,0,,,Auburn,College Stats,ZofkMi00
9,230,MIA,Vern Den Herder,DE,22,1982,0,0,10,68,68,166,0,0,0,0,0,0,0,0,1,7,1,1,65.0,Central College (IA),,DenHVe20
9,231,SFO,Therman Couch,LB,,,0,0,0,,,,,,,,,,,,,,,,,Iowa St.,,-9999
9,232,MIN,Tim Sullivan,RB,,,0,0,0,,,,,,,,,,,,,,,,,Iowa,College Stats,-9999
9,233,DAL,Honor Jackson,DB,22,1974,0,0,1,8,,34,0,0,0,0,0,0,0,0,0,0,0,5,,Pacific,College Stats,JackHo20
9,234,BAL,Bill Burnett,RB,,,0,0,0,,,,,,,,,,,,,,,,,Arkansas,College Stats,-9999
10,235,NWE,Layne McDowell,T,,,0,0,0,,,,,,,,,,,,,,,,,Iowa,,-9999
10,236,SFO,Ron Cardo,RB,,,0,0,0,,,,,,,,,,,,,,,,,Wisconsin–Oshkosh,,-9999
10,237,HOU,Russell Price,DE,,,0,0,0,,,,,,,,,,,,,,,,,North Carolina Central,,-9999
10,238,OAK,Bill West,DB,24,1972,0,0,0,2,,8,0,0,0,0,0,0,0,0,0,0,0,,,Tennessee St.,,WestBi20
10,239,NOR,Rocky Pamplin,RB,,,0,0,0,,,,,,,,,,,,,,,,,Hawaii,,-9999
10,240,NYJ,Jim Betts,DB,,,0,0,0,,,,,,,,,,,,,,,,,Michigan,,-9999
10,241,ATL,Faddie Tillman,DT,22,1972,0,0,0,0,,1,0,0,0,0,0,0,0,0,0,0,0,,,Boise St.,,TillFa20
10,242,PIT,Jim O'Shea,TE,,,0,0,0,,,,,,,,,,,,,,,,,Boston Col.,College Stats,-9999
10,243,DEN,Carlis Harris,WR,,,0,0,0,,,,,,,,,,,,,,,,,Idaho St.,,-9999
10,244,WAS,Jesse Taylor,RB,23,1972,0,0,0,0,,14,0,0,0,0,0,13,58,0,0,0,0,,,Cincinnati,College Stats,TaylJe00
10,245,CHI,Larry Rowden,LB,22,1972,0,0,0,5,5,16,0,0,0,0,0,0,0,0,0,0,0,,,Houston,,RowdLa20
10,246,GNB,Kevin Hunt,T,22,1978,0,0,1,16,1,70,0,0,0,0,0,0,0,0,0,0,0,,,Doane,,HuntKe20
10,247,SDG,Gary Nowak,DT,22,1971,0,0,0,2,2,6,0,0,0,0,0,0,0,0,0,0,0,,,Michigan St.,,NowaGa20
10,248,CLE,Steve Casteel,LB,,,0,0,0,,,,,,,,,,,,,,,,,Oklahoma,,-9999
10,249,CIN,Jack Stambaugh,G,,,0,0,0,,,,,,,,,,,,,,,,,Oregon,,-9999
10,250,KAN,Bruce Jankowski,WR,22,1972,0,0,0,0,0,9,0,0,0,0,0,0,0,0,2,24,0,,,Ohio St.,College Stats,JankBr00
10,251,STL,Ron Miller,T,,,0,0,0,,,,,,,,,,,,,,,,,McNeese St.,,-9999
10,252,NYG,Henry Reed,DE,23,1974,0,0,2,15,15,51,0,0,0,0,0,0,0,0,0,0,0,2,9.5,Weber St.,,ReedHe20
10,253,OAK,Tim Oesterling,DT,,,0,0,0,,,,,,,,,,,,,,,,,UCLA,,-9999
10,254,RAM,Don Popplewell,C,,,0,0,0,,,,,,,,,,,,,,,,,Colorado,College Stats,-9999
10,255,MIA,Ron Maree,DT,,,0,0,0,,,,,,,,,,,,,,,,,Purdue,,-9999
10,256,PHI,Tom Bailey,RB,22,1974,0,0,0,4,4,50,0,0,0,0,0,60,186,1,28,194,1,,,Florida St.,College Stats,BailTo00
10,257,SFO,Ernie Jennings,WR,,,0,0,0,,,,,,,,,,,,,,,,,Air Force,College Stats,-9999
10,258,MIN,Chris Morris,T,21,1975,0,0,0,5,,22,0,0,0,0,0,0,0,0,0,0,0,,,Indiana,,MorrCh20
10,259,DAL,Rodney Wallace,T,22,1973,0,0,0,9,9,37,0,0,0,0,0,0,0,0,0,0,0,,,New Mexico,,WallRo20
10,260,BAL,Rex Kern,DB,22,1974,0,0,1,11,9,41,0,0,0,0,0,0,0,0,0,0,0,2,,Ohio St.,College Stats,KernRe20
11,261,NWE,Dan Schneiss,TE,,,0,0,0,,,,,,,,,,,,,,,,,Nebraska,College Stats,-9999
11,262,NOR,Bob Pollard,DE,22,1981,0,0,11,49,28,154,0,0,0,0,0,0,0,0,0,0,0,,57.0,Weber St.,,PollBo20
11,263,BUF,Andy Browder,T,,,0,0,0,,,,,,,,,,,,,,,,,Texas A&M-Kingsville,,-9999
11,264,PHI,Sonny Davis,RB,23,1971,0,0,0,2,2,14,0,1,0,0,0,47,163,1,11,46,0,,,Tennessee St.,,DaviSo00
11,265,HOU,Macon Hughes,WR,,,0,0,0,,,,,,,,,,,,,,,,,Rice,College Stats,-9999
11,266,NYJ,Vern Studdard,WR,23,1971,0,0,0,0,0,8,0,0,0,0,0,0,0,0,0,0,0,,,Mississippi,College Stats,StudVe20
11,267,ATL,Larry Shears,DB,22,1972,0,0,0,2,2,10,0,0,0,0,0,0,0,0,0,0,0,,,Lincoln (MO),,SheaLa20
11,268,PIT,Mike Wagner,DB,22,1980,0,2,8,57,57,119,0,0,0,0,0,0,0,0,0,0,0,36,5.0,Western Illinois,,WagnMi00
11,269,DEN,Roger Roitsch,DT,,,0,0,0,,,,,,,,,,,,,,,,,Rice,,-9999
11,270,CHI,Cliff Hardy,DB,24,1971,0,0,0,0,0,1,0,0,0,0,0,0,0,0,0,0,0,,,Michigan St.,,HardCl20
11,271,GNB,John Lanier,RB,,,0,0,0,,,,,,,,,,,,,,,,,Parsons,,-9999
11,272,WAS,George Starke,T,23,1984,0,0,11,58,58,156,0,0,0,0,0,0,0,0,0,0,0,,,Columbia,College Stats,StarGe20
11,273,SDG,Don Pinson,DB,,,0,0,0,,,,,,,,,,,,,,,,,Tennessee St.,,-9999
11,274,CLE,Mike Sikich,G,22,1971,0,0,0,2,2,3,0,0,0,0,0,0,0,0,0,0,0,,,Northwestern,,SikiMi20
11,275,CIN,Ed Marshall,WR,23,1977,0,0,0,4,0,33,0,0,0,0,0,0,0,0,17,362,3,,,Cameron,,MarsEd00
11,276,KAN,Nate Allen,DB,23,1979,0,0,3,30,16,108,0,0,0,0,0,0,0,0,1,20,0,9,,Texas Southern,,AlleNa20
11,277,STL,Rick Ogle,LB,22,1972,0,0,0,5,3,10,0,0,0,0,0,0,0,0,0,0,0,,1.0,Colorado,,OgleRi20
11,278,NYG,Mark Ellison,G,23,1973,0,0,0,7,7,28,0,0,0,0,0,0,0,0,0,0,0,,,Dayton,College Stats,ElliMa21
11,279,OAK,Jim Poston,DT,,,0,0,0,,,,,,,,,,,,,,,,,South Carolina,,-9999
11,280,RAM,Charlie Richards,QB,,,0,0,0,,,,,,,,,,,,,,,,,Richmond,College Stats,-9999
11,281,DET,Phil Webb,DB,,,0,0,0,,,,,,,,,,,,,,,,,Colorado St.,,-9999
11,282,MIA,Vic Surma,T,,,0,0,0,,,,,,,,,,,,,,,,,Penn St.,,-9999
11,283,SFO,Joe Reed,QB,23,1979,0,0,1,12,5,50,225,513,2825,18,31,84,484,2,0,0,0,,,Mississippi St.,College Stats,ReedJo00
11,284,MIN,Mike Walker,DE,21,1971,0,0,0,2,,5,0,0,0,0,0,0,0,0,0,0,0,,,Tulane,College Stats,WalkMi22
11,285,DAL,Ernest Bonwell,DT,,,0,0,0,,,,,,,,,,,,,,,,,Lane,,-9999
11,286,BAL,Dave Jones,LB,,,0,0,0,,,,,,,,,,,,,,,,,Baylor,,-9999
12,287,NWE,John Rodman,T,,,0,0,0,,,,,,,,,,,,,,,,,Northwestern,,-9999
12,288,NOR,Ron Gathright,DB,,,0,0,0,,,,,,,,,,,,,,,,,Morehead St.,,-9999
12,289,PHI,Rich Saathoff,DE,,,0,0,0,,,,,,,,,,,,,,,,,Northern Arizona,,-9999
12,290,HOU,John Thompson,G,,,0,0,0,,,,,,,,,,,,,,,,,Minnesota,,-9999
12,291,BUF,Jim Sheffield,K,,,0,0,0,,,,,,,,,,,,,,,,,Texas A&M,,-9999
12,292,NYJ,Rich Sowells,DB,22,1977,0,0,3,19,17,78,0,0,0,0,0,0,0,0,0,0,0,10,,Alcorn St.,,SoweRi20
12,293,ATL,Ronnie Lowe,WR,,,0,0,0,,,,,,,,,,,,,,,,,Fort Valley St.,,-9999
12,294,BAL,Bobby Wuensch,T,,,0,0,0,,,,,,,,,,,,,,,,,Texas,College Stats,-9999
12,295,DEN,Floyd Franks,WR,,,0,0,0,,,,,,,,,,,,,,,,,Mississippi,College Stats,-9999
12,296,GNB,Greg Hendren,G,,,0,0,0,,,,,,,,,,,,,,,,,California,,-9999
12,297,WAS,Jeff Severson,DB,21,1979,0,0,1,16,3,83,0,0,0,0,0,0,0,0,0,0,0,6,1.0,Long Beach St.,,SeveJe20
12,298,CHI,Steve Booras,DE,,,0,0,0,,,,,,,,,,,,,,,,,Colorado Mesa,,-9999
12,299,SDG,Wes Garnett,WR,,,0,0,0,,,,,,,,,,,,,,,,,Utah St.,College Stats,-9999
12,300,CLE,Tony Blanchard,TE,,,0,0,0,,,,,,,,,,,,,,,,,North Carolina,College Stats,-9999
12,301,CIN,James Hayden,DE,,,0,0,0,,,,,,,,,,,,,,,,,Memphis,,-9999
12,302,KAN,Tony Esposito,RB,,,0,0,0,,,,,,,,,,,,,,,,,Pittsburgh,College Stats,-9999
12,303,STL,Tim Von Dulm,QB,,,0,0,0,,,,,,,,,,,,,,,,,Portland St.,,-9999
12,304,NYG,Tom Blanchard,P,23,1981,0,0,0,22,6,148,2,5,21,1,1,5,17,0,0,0,0,,,Oregon,College Stats,BlanTo20
12,305,OAK,Horace Jones,DE,22,1977,0,0,4,30,30,71,0,0,0,0,0,0,0,0,0,0,0,,37.5,Louisville,,JoneHo20
12,306,RAM,Kirk Behrendt,T,,,0,0,0,,,,,,,,,,,,,,,,,Wisconsin–Whitewater,,-9999
12,307,MIA,Leroy Byars,RB,,,0,0,0,,,,,,,,,,,,,,,,,Alcorn St.,,-9999
12,308,DET,Bill Pilconis,WR,,,0,0,0,,,,,,,,,,,,,,,,,Pittsburgh,College Stats,-9999
12,309,SFO,Jim Bunch,DT,,,0,0,0,,,,,,,,,,,,,,,,,Wisconsin–Platteville,,-9999
12,310,MIN,Reggie Holmes,DB,,,0,0,0,,,,,,,,,,,,,,,,,Wisconsin–Stout,,-9999
12,311,DAL,Steve Goepel,QB,,,0,0,0,,,,,,,,,,,,,,,,,Colgate,College Stats,-9999
12,312,BAL,Bill Triplett,WR,,,0,0,0,,,,,,,,,,,,,,,,,Michigan St.,College Stats,-9999
13,313,NWE,Lewis Swain,DB,,,0,0,0,,,,,,,,,,,,,,,,,Alabama A&M,,-9999
13,314,NOR,Don Burchfield,TE,22,1971,0,0,0,0,0,14,0,0,0,0,0,0,0,0,3,36,0,,,Ball St.,,BurcDo00
13,315,HOU,Joe Hoing,G,,,0,0,0,,,,,,,,,,,,,,,,,Arkansas Tech,,-9999
13,316,BUF,Busty Underwood,QB,,,0,0,0,,,,,,,,,,,,,,,,,TCU,College Stats,-9999
13,317,PHI,Danny Lester,DB,,,0,0,0,,,,,,,,,,,,,,,,,Texas,College Stats,-9999
13,318,NYJ,John Eggold,DE,,,0,0,0,,,,,,,,,,,,,,,,,Arizona,,-9999
13,319,ATL,Dan Crooks,DB,,,0,0,0,,,,,,,,,,,,,,,,,Wisconsin,,-9999
13,320,PIT,Al Young,WR,22,1972,0,0,0,1,1,15,0,0,0,0,0,0,0,0,6,86,0,,,South Carolina St.,,YounAl00
13,321,DEN,Craig Blackford,QB,,,0,0,0,,,,,,,,,,,,,,,,,Evansville,,-9999
13,322,WAS,Dan Ryczek,C,22,1979,0,0,2,19,10,102,0,0,0,0,0,0,0,0,1,6,0,,,Virginia,,RyczDa20
13,323,CHI,Ed Nicholas,T,,,0,0,0,,,,,,,,,,,,,,,,,North Carolina St.,,-9999
13,324,GNB,Jack Martin,RB,,,0,0,0,,,,,,,,,,,,,,,,,Angelo State (TX),,-9999
13,325,SDG,Sammy Milner,WR,,,0,0,0,,,,,,,,,,,,,,,,,Mississippi St.,College Stats,-9999
13,326,CLE,Thad Jamula,T,,,0,0,0,,,,,,,,,,,,,,,,,Lehigh,,-9999
13,327,CIN,David Knapman,TE,,,0,0,0,,,,,,,,,,,,,,,,,Central Washington,,-9999
13,328,KAN,Chuck Hixson,QB,,,0,0,0,,,,,,,,,,,,,,,,,SMU,College Stats,-9999
13,329,STL,Jeff Allen,DB,23,1971,0,0,0,0,0,1,0,0,0,0,0,0,0,0,0,0,0,,,Iowa St.,College Stats,AlleJe21
13,330,NYG,Dave Roller,DT,21,1980,0,0,2,25,3,92,0,0,0,0,0,0,0,0,0,0,0,,23.5,Kentucky,,RollDa20
13,331,RAM,Russell Harrison,RB,,,0,0,0,,,,,,,,,,,,,,,,,Kansas St.,College Stats,-9999
13,332,DET,David Abercrombie,RB,,,0,0,0,,,,,,,,,,,,,,,,,Tulane,College Stats,-9999
13,333,MIA,Lonnie Hepburn,DB,22,1974,0,0,1,9,,31,0,0,0,0,0,0,0,0,0,0,0,1,,Texas Southern,,HepbLo20
13,334,OAK,Mick Natzel,DB,,,0,0,0,,,,,,,,,,,,,,,,,Central Michigan,,-9999
13,335,SFO,John Bullock,RB,,,0,0,0,,,,,,,,,,,,,,,,,Purdue,College Stats,-9999
13,336,MIN,Benny Fry,C,,,0,0,0,,,,,,,,,,,,,,,,,Houston,,-9999
13,337,DAL,James Ford,RB,21,1972,0,0,1,5,,14,0,0,0,0,0,104,407,2,8,63,0,,,Texas Southern,,FordJa00
13,338,BAL,Tom Neville,LB,,,0,0,0,,,,,,,,,,,,,,,,,Yale,,-9999
14,339,NWE,Alfred Sykes,WR,23,1971,0,0,0,0,0,4,0,0,0,0,0,0,0,0,1,15,0,,,Florida A&M,,SykeAl00
14,340,NOR,Bobby Scott,QB,22,1981,0,0,1,9,9,41,237,500,2781,15,28,30,74,1,0,0,0,,,Tennessee,College Stats,ScotBo00
14,341,BUF,Jim Hoots,DE,,,0,0,0,,,,,,,,,,,,,,,,,Missouri Southern,,-9999
14,342,PHI,Bob Creech,LB,22,1973,0,0,1,5,4,18,0,0,0,0,0,0,0,0,0,0,0,,,TCU,,CreeBo20
14,343,HOU,Dick Adams,DB,,,0,0,0,,,,,,,,,,,,,,,,,Miami (OH),College Stats,-9999
14,344,NYJ,John Harpring,G,,,0,0,0,,,,,,,,,,,,,,,,,Michigan,,-9999
14,345,ATL,Deryl Comer,TE,,,0,0,0,,,,,,,,,,,,,,,,,Texas,College Stats,-9999
14,346,PIT,McKinney Evans,DB,,,0,0,0,,,,,,,,,,,,,,,,,New Mex. Highlands,,-9999
14,347,CHI,Willie Lewis,RB,,,0,0,0,,,,,,,,,,,,,,,,,Arizona,College Stats,-9999
14,348,GNB,LeRoy Spears,DE,,,0,0,0,,,,,,,,,,,,,,,,,Moorhead State (MN),,-9999
14,349,WAS,Bill Bynum,QB,,,0,0,0,,,,,,,,,,,,,,,,,Western New Mexico,,-9999
14,350,DEN,Tommy Lyons,G,23,1976,0,0,5,30,30,73,0,0,0,0,0,0,0,0,1,-1,0,,,Georgia,,LyonTo20
14,351,SDG,Edward O'Daniel,DE,,,0,0,0,,,,,,,,,,,,,,,,,Texas Southern,,-9999
14,352,CLE,Rick Kingrea,LB,22,1978,0,0,0,17,5,91,0,0,0,0,0,0,0,0,0,0,0,1,1.0,Tulane,,KingRi21
14,353,CIN,Irvin Mallory,DB,22,1971,0,0,0,1,,2,0,0,0,0,0,0,0,0,0,0,0,,,Virginia Union,,MallIr20
14,354,KAN,Bruce Bergey,DE,25,1971,0,0,0,3,3,7,0,0,0,0,0,0,0,0,0,0,0,,,UCLA,College Stats,BergBr20
14,355,STL,Doug Klausen,T,,,0,0,0,,,,,,,,,,,,,,,,,Arizona,,-9999
14,356,NYG,Charlie Evans,RB,23,1974,0,0,1,11,10,25,0,0,0,0,0,205,644,12,54,470,1,,,USC,College Stats,EvanCh01
14,357,OAK,Thomas Gipson,DT,23,1971,0,0,0,1,1,4,0,0,0,0,0,0,0,0,0,0,0,,,North Texas,,GipsTh20
14,358,RAM,Lionel Coleman,DB,,,0,0,0,,,,,,,,,,,,,,,,,Oregon,,-9999
14,359,MIA,David Vaughn,TE,,,0,0,0,,,,,,,,,,,,,,,,,Memphis,College Stats,-9999
14,360,DET,Tom Lorenz,TE,,,0,0,0,,,,,,,,,,,,,,,,,Iowa St.,College Stats,-9999
14,361,SFO,Bill Dunstan,DT,22,1979,0,0,3,21,,80,0,0,0,0,0,0,0,0,0,0,0,,12.0,Utah St.,,DunsBi20
14,362,MIN,Jim Gallagher,LB,,,0,0,0,,,,,,,,,,,,,,,,,Yale,,-9999
14,363,DAL,Tyrone Covey,DB,,,0,0,0,,,,,,,,,,,,,,,,,Utah St.,,-9999
14,364,BAL,Mike Mikolayunas,RB,,,0,0,0,,,,,,,,,,,,,,,,,Davidson,College Stats,-9999
15,365,NWE,Nick McGarry,TE,,,0,0,0,,,,,,,,,,,,,,,,,Massachusetts,,-9999
15,366,NOR,Bart Graves,T,,,0,0,0,,,,,,,,,,,,,,,,,Tulane,,-9999
15,367,PHI,Ed Fisher,G,,,0,0,0,,,,,,,,,,,,,,,,,Prairie View A&M,,-9999
15,368,HOU,Andy Hopkins,RB,21,1971,0,0,0,0,0,2,0,0,0,0,0,2,2,0,0,0,0,,,S.F. Austin,,HopkAn00
15,369,BUF,Charley Cole,RB,,,0,0,0,,,,,,,,,,,,,,,,,Toledo,College Stats,-9999
15,370,NYJ,Dan Dyches,C,,,0,0,0,,,,,,,,,,,,,,,,,South Carolina,,-9999
15,371,ATL,Wallace Clark,RB,,,0,0,0,,,,,,,,,,,,,,,,,Auburn,College Stats,-9999
15,372,PIT,Ray Makin,G,,,0,0,0,,,,,,,,,,,,,,,,,Kentucky,College Stats,-9999
15,373,DEN,Larry James,RB,,,0,0,0,,,,,,,,,,,,,,,,,Norfolk St.,,-9999
15,374,GNB,Len Garrett,TE,23,1975,0,0,1,1,1,55,0,0,0,0,0,0,0,0,6,96,0,,,New Mex. Highlands,,GarrLe20
15,375,WAS,Anthony Christnovich,G,,,0,0,0,,,,,,,,,,,,,,,,,Wisconsin–LaCrosse,,-9999
15,376,CHI,Ron Maciejowski,QB,,,0,0,0,,,,,,,,,,,,,,,,,Ohio St.,College Stats,-9999
15,377,SDG,Eric Humston,LB,,,0,0,0,,,,,,,,,,,,,,,,,Muskingum,,-9999
15,378,CLE,Bill Green,DB,,,0,0,0,,,,,,,,,,,,,,,,,Western Kentucky,,-9999
15,379,CIN,Bob Thomas,RB,23,1974,0,0,0,6,,48,0,0,0,0,0,120,537,3,19,155,1,,,Arizona St.,College Stats,ThomBo01
15,380,KAN,Mike Montgomery,DB,,,0,0,0,,,,,,,,,,,,,,,,,Texas St.,,-9999
15,381,STL,Ted Heiskell,RB,,,0,0,0,,,,,,,,,,,,,,,,,Houston,College Stats,-9999
15,382,NYG,Jim Wright,LB,,,0,0,0,,,,,,,,,,,,,,,,,Notre Dame,,-9999
15,383,OAK,Andy Giles,DE,,,0,0,0,,,,,,,,,,,,,,,,,William & Mary,,-9999
15,384,RAM,Gary Kos,G,,,0,0,0,,,,,,,,,,,,,,,,,Notre Dame,,-9999
15,385,DET,Ed Coates,WR,,,0,0,0,,,,,,,,,,,,,,,,,Central Missouri St.,,-9999
15,386,MIA,Bob Richards,G,,,0,0,0,,,,,,,,,,,,,,,,,California,,-9999
15,387,SFO,John Lennon,T,,,0,0,0,,,,,,,,,,,,,,,,,Colgate,,-9999
15,388,MIN,Jeff Wright,DB,22,1977,0,0,4,33,33,83,0,0,0,0,0,0,0,0,0,0,0,12,2.0,Minnesota,,WrigJe20
15,389,DAL,Bob Young,TE,,,0,0,0,,,,,,,,,,,,,,,,,Delaware,,-9999
15,390,BAL,Mike Hogan,LB,,,0,0,0,,,,,,,,,,,,,,,,,Michigan St.,,-9999
16,391,NWE,Jim Zikmund,DB,,,0,0,0,,,,,,,,,,,,,,,,,Nebraska-Kearney,,-9999
16,392,NOR,Craig Robinson,T,22,1973,0,0,0,4,4,19,0,0,0,0,0,0,0,0,0,0,0,,,Houston,,RobiCr20
16,393,HOU,Moses Denson,RB,,,0,0,0,,,,,,,,,,,,,,,,,MD-Eastern Shore,,-9999
16,394,BUF,Billy Hunter,DB,,,0,0,0,,,,,,,,,,,,,,,,,Utah,College Stats,-9999
16,395,PHI,Bruce James,LB,,,0,0,0,,,,,,,,,,,,,,,,,Arkansas,,-9999
16,396,NYJ,Steve Harkey,RB,22,1972,0,0,0,4,4,25,0,0,0,0,0,65,191,0,14,142,0,,,Georgia Tech,College Stats,HarkSt00
16,397,ATL,Lindsey James,RB,,,0,0,0,,,,,,,,,,,,,,,,,San Diego St.,College Stats,-9999
16,398,PIT,Walter Huntley,DB,,,0,0,0,,,,,,,,,,,,,,,,,,,-9999
16,399,DEN,Steve Thompson,DT,,,0,0,0,,,,,,,,,,,,,,,,,Minnesota,,-9999
16,400,WAS,Glenn Tucker,LB,,,0,0,0,,,,,,,,,,,,,,,,,North Texas,,-9999
16,401,CHI,Sid Bailey,DE,,,0,0,0,,,,,,,,,,,,,,,,,Texas-Arlington,,-9999
16,402,GNB,Jack O'Donnell,G,,,0,0,0,,,,,,,,,,,,,,,,,Central Oklahoma,,-9999
16,403,SDG,Ed Foote,C,,,0,0,0,,,,,,,,,,,,,,,,,Hawaii,,-9999
16,404,CLE,Dave Smith,WR,,,0,0,0,,,,,,,,,,,,,,,,,Mississippi St.,College Stats,-9999
16,405,CIN,Mark Debevc,LB,,,0,0,0,,,,,,,,,,,,,,,,,Ohio St.,,-9999
16,406,KAN,Darrell Jansonius,G,,,0,0,0,,,,,,,,,,,,,,,,,Iowa St.,,-9999
16,407,STL,Lawrence Brame,LB,,,0,0,0,,,,,,,,,,,,,,,,,Western Kentucky,,-9999
16,408,NYG,Dick Gibbs,TE,,,0,0,0,,,,,,,,,,,,,,,,,Texas-El Paso,,-9999
16,409,RAM,Ross Boice,LB,,,0,0,0,,,,,,,,,,,,,,,,,Pacific Lutheran,,-9999
16,410,MIA,Chris Myers,WR,,,0,0,0,,,,,,,,,,,,,,,,,Kenyon,,-9999
16,411,DET,Tom Kutschinski,DB,,,0,0,0,,,,,,,,,,,,,,,,,Michigan St.,,-9999
16,412,OAK,Tony Stawarz,DB,,,0,0,0,,,,,,,,,,,,,,,,,Miami (FL),College Stats,-9999
16,413,MIN,Greg Edmonds,WR,,,0,0,0,,,,,,,,,,,,,,,,,Penn St.,College Stats,-9999
16,414,SFO,Dave Pursell,DT,,,0,0,0,,,,,,,,,,,,,,,,,Kentucky,,-9999
16,415,DAL,John Brennan,T,,,0,0,0,,,,,,,,,,,,,,,,,Boston Col.,,-9999
16,416,BAL,Rich Harrington,DB,,,0,0,0,,,,,,,,,,,,,,,,,Houston,,-9999
17,417,NWE,Ronald Leigh,DE,,,0,0,0,,,,,,,,,,,,,,,,,Elizabeth City St.,,-9999
17,418,RAM,Randy Vataha,WR,22,1977,0,0,5,34,,86,0,0,0,0,0,6,10,0,188,3164,23,,,Stanford,College Stats,VataRa00
17,419,BUF,Pat Morrison,TE,,,0,0,0,,,,,,,,,,,,,,,,,Arkansas,College Stats,-9999
17,420,PHI,John Sage,LB,,,0,0,0,,,,,,,,,,,,,,,,,LSU,,-9999
17,421,HOU,Calvin Fox,LB,,,0,0,0,,,,,,,,,,,,,,,,,Michigan St.,,-9999
17,422,NYJ,Greg Flaska,DE,,,0,0,0,,,,,,,,,,,,,,,,,Western Michigan,College Stats,-9999
17,423,ATL,Willie Martin,RB,,,0,0,0,,,,,,,,,,,,,,,,,Johnson C. Smith,,-9999
17,424,PIT,Danny Ehle,RB,,,0,0,0,,,,,,,,,,,,,,,,,Howard Payne,,-9999
17,425,DEN,Jack Simcsak,K,,,0,0,0,,,,,,,,,,,,,,,,,Virginia Tech,,-9999
17,426,CHI,Ray Garganes,LB,,,0,0,0,,,,,,,,,,,,,,,,,Millersville,,-9999
17,427,GNB,Monty Johnson,DB,,,0,0,0,,,,,,,,,,,,,,,,,Oklahoma,,-9999
17,428,NOR,Hermann Eben,WR,,,0,0,0,,,,,,,,,,,,,,,,,Oklahoma St.,College Stats,-9999
17,429,SDG,Chip Kell,C,,,0,0,0,,,,,,,,,,,,,,,,,Tennessee,College Stats,-9999
17,430,CLE,Leo Dillon,C,,,0,0,0,,,,,,,,,,,,,,,,,Dayton,,-9999
17,431,KAN,Travis Hill,DB,,,0,0,0,,,,,,,,,,,,,,,,,Prairie View A&M,,-9999
17,432,CIN,Sam Pearson,DB,,,0,0,0,,,,,,,,,,,,,,,,,Western Kentucky,,-9999
17,433,STL,Preston Watkins,WR,,,0,0,0,,,,,,,,,,,,,,,,,Bluefield,,-9999
17,434,NYG,Coleman Zeno,WR,24,1971,0,0,0,1,1,2,0,0,0,0,0,2,10,0,5,97,0,,,Grambling St.,,ZenoCo00
17,435,RAM,Joe Sweet,WR,23,1975,0,0,0,1,0,34,0,0,0,0,0,1,1,0,10,173,1,,,Tennessee St.,,SweeJo00
17,436,DET,Gordon Jolley,G,22,1977,0,0,1,18,9,59,0,0,0,0,0,0,0,0,0,0,0,,,Utah,,JollGo20
17,437,MIA,Curt Mark,LB,,,0,0,0,,,,,,,,,,,,,,,,,Mayville St.,,-9999
17,438,SFO,Leroy Charlton,DB,,,0,0,0,,,,,,,,,,,,,,,,,Florida A&M,,-9999
17,439,MIN,Ken Duncan,P,25,1971,0,0,0,0,,2,0,0,0,0,0,0,0,0,0,0,0,,,Tulsa,College Stats,DuncKe20
17,440,DAL,John Bomer,C,,,0,0,0,,,,,,,,,,,,,,,,,Memphis,,-9999
17,441,BAL,Don Nottingham,RB,22,1977,0,0,3,27,10,98,0,0,0,0,0,611,2496,34,67,502,0,,,Kent St.,College Stats,NottDo00
17,442,OAK,Charles Hill,WR,,,0,0,0,,,,,,,,,,,,,,,,,Sam Houston St.,,-9999